{
  "Annotator_1": {
    "k=1": {
      "sentiment": 0.17998,
      "emotion": 0.154758,
      "argument": 0.137256,
      "topic": 0.22908,
      "all": 0.21886
    },
    "k=5": {
      "sentiment": 0.16014,
      "emotion": 0.189212,
      "argument": 0.174048,
      "topic": 0.137566,
      "all": 0.30193200000000003
    },
    "k=10": {
      "sentiment": 0.11752000000000001,
      "emotion": 0.173414,
      "argument": 0.16924399999999998,
      "topic": 0.153414,
      "all": 0.29077000000000003
    },
    "k=15": {
      "sentiment": 0.16573000000000002,
      "emotion": 0.15985,
      "argument": 0.14538399999999999,
      "topic": 0.145632,
      "all": 0.275232
    }
  },
  "Annotator_2": {
    "k=1": {
      "sentiment": 0.209726,
      "emotion": 0.281896,
      "argument": 0.185256,
      "topic": 0.283464,
      "all": 0.246084
    },
    "k=5": {
      "sentiment": 0.26308,
      "emotion": 0.243682,
      "argument": 0.24464,
      "topic": 0.217066,
      "all": 0.314288
    },
    "k=10": {
      "sentiment": 0.249066,
      "emotion": 0.23389800000000002,
      "argument": 0.263648,
      "topic": 0.207404,
      "all": 0.381882
    },
    "k=15": {
      "sentiment": 0.254002,
      "emotion": 0.217504,
      "argument": 0.251874,
      "topic": 0.192008,
      "all": 0.379686
    }
  },
  "Annotator_3": {
    "k=1": {
      "sentiment": 0.18218800000000002,
      "emotion": 0.183742,
      "argument": 0.180556,
      "topic": 0.207088,
      "all": 0.190128
    },
    "k=5": {
      "sentiment": 0.199542,
      "emotion": 0.22865200000000002,
      "argument": 0.222054,
      "topic": 0.198628,
      "all": 0.243614
    },
    "k=10": {
      "sentiment": 0.203954,
      "emotion": 0.23424199999999998,
      "argument": 0.206856,
      "topic": 0.19968599999999997,
      "all": 0.297682
    },
    "k=15": {
      "sentiment": 0.20959799999999998,
      "emotion": 0.223228,
      "argument": 0.194132,
      "topic": 0.183926,
      "all": 0.24142600000000003
    }
  },
  "Annotator_4": {
    "k=1": {
      "sentiment": 0.261254,
      "emotion": 0.24638200000000002,
      "argument": 0.16404800000000003,
      "topic": 0.30138,
      "all": 0.252348
    },
    "k=5": {
      "sentiment": 0.225596,
      "emotion": 0.26613,
      "argument": 0.24020399999999997,
      "topic": 0.199002,
      "all": 0.33474000000000004
    },
    "k=10": {
      "sentiment": 0.23390799999999998,
      "emotion": 0.262864,
      "argument": 0.257554,
      "topic": 0.221342,
      "all": 0.338506
    },
    "k=15": {
      "sentiment": 0.234316,
      "emotion": 0.260076,
      "argument": 0.22872,
      "topic": 0.213642,
      "all": 0.3093
    }
  },
  "Annotator_5": {
    "k=1": {
      "sentiment": 0.25735800000000003,
      "emotion": 0.227674,
      "argument": 0.215414,
      "topic": 0.28691,
      "all": 0.270816
    },
    "k=5": {
      "sentiment": 0.305874,
      "emotion": 0.260862,
      "argument": 0.18941,
      "topic": 0.293216,
      "all": 0.405502
    },
    "k=10": {
      "sentiment": 0.342686,
      "emotion": 0.33614600000000006,
      "argument": 0.300596,
      "topic": 0.312012,
      "all": 0.44369
    },
    "k=15": {
      "sentiment": 0.311486,
      "emotion": 0.329274,
      "argument": 0.342634,
      "topic": 0.299786,
      "all": 0.427676
    }
  }
}