{
  "average_scores": {
    "Annotator_1": 0.164164,
    "Annotator_2": 0.24411600000000003,
    "Annotator_3": 0.22952200000000006,
    "Annotator_4": 0.22077400000000005,
    "Annotator_5": 0.22818400000000005
  }
}